"gvkey","conm","fyear","measure_name","measure_value"
"013312","BHP GROUP LTD","2024","at",102362
"013312","BHP GROUP LTD","2024","sale",55658
"013312","BHP GROUP LTD","2024","ebit",22771
"210216","TELSTRA GROUP LIMITED","2024","at",45550
"210216","TELSTRA GROUP LIMITED","2024","sale",22928
"210216","TELSTRA GROUP LIMITED","2024","ebit",3712
"223003","CSL LTD","2024","at",38022
"223003","CSL LTD","2024","sale",14690
"223003","CSL LTD","2024","ebit",3896
"212650","TRANSURBAN GROUP","2024","at",36694
"212650","TRANSURBAN GROUP","2024","sale",4119
"212650","TRANSURBAN GROUP","2024","ebit",1132
"100894","WOOLWORTHS GROUP LTD","2024","at",33936
"100894","WOOLWORTHS GROUP LTD","2024","sale",67922
"100894","WOOLWORTHS GROUP LTD","2024","ebit",3100
"212427","FORTESCUE LTD","2024","at",30060
"212427","FORTESCUE LTD","2024","sale",18220
"212427","FORTESCUE LTD","2024","ebit",8520
"101601","WESFARMERS LTD","2024","at",27309
"101601","WESFARMERS LTD","2024","sale",44189
"101601","WESFARMERS LTD","2024","ebit",3849
"226744","RAMSAY HEALTH CARE LTD","2024","at",20894
"226744","RAMSAY HEALTH CARE LTD","2024","sale",16660.2
"226744","RAMSAY HEALTH CARE LTD","2024","ebit",938.7
"220244","QANTAS AIRWAYS LTD","2024","at",20564
"220244","QANTAS AIRWAYS LTD","2024","sale",20114
"220244","QANTAS AIRWAYS LTD","2024","ebit",2198
"017525","ORIGIN ENERGY LTD","2024","at",20454
"017525","ORIGIN ENERGY LTD","2024","sale",16138
"017525","ORIGIN ENERGY LTD","2024","ebit",952
"329498","COLES GROUP LTD","2024","at",19870
"329498","COLES GROUP LTD","2024","sale",43571
"329498","COLES GROUP LTD","2024","ebit",1965
"242536","APA GROUP","2024","at",19563
"242536","APA GROUP","2024","sale",3039
"242536","APA GROUP","2024","ebit",1850
"252290","BLUESCOPE STEEL LTD","2024","at",15678
"252290","BLUESCOPE STEEL LTD","2024","sale",17055.3
"252290","BLUESCOPE STEEL LTD","2024","ebit",1303.6
"100251","AGL ENERGY","2024","at",15661
"100251","AGL ENERGY","2024","sale",13583
"100251","AGL ENERGY","2024","ebit",1414
"207097","SONIC HEALTHCARE LTD","2024","at",14826.474
"207097","SONIC HEALTHCARE LTD","2024","sale",8967.405
"207097","SONIC HEALTHCARE LTD","2024","ebit",863.954
"319687","SOUTH32 LTD","2024","at",14245
"319687","SOUTH32 LTD","2024","sale",5479
"319687","SOUTH32 LTD","2024","ebit",54
"208326","SGH LIMITED","2024","at",13604.1
"208326","SGH LIMITED","2024","sale",10558.5
"208326","SGH LIMITED","2024","ebit",1207.3
"259625","NTHN STAR RES LTD","2024","at",13080.8
"259625","NTHN STAR RES LTD","2024","sale",4921.2
"259625","NTHN STAR RES LTD","2024","ebit",961.8
"284808","WHITEHAVEN COAL LIMITED","2024","at",12852
"284808","WHITEHAVEN COAL LIMITED","2024","sale",3824
"284808","WHITEHAVEN COAL LIMITED","2024","ebit",969
"205194","MINERAL RESOURCES LTD","2024","at",12232
"205194","MINERAL RESOURCES LTD","2024","sale",5278
"205194","MINERAL RESOURCES LTD","2024","ebit",319
"348897","ENDEAVOUR GROUP LIMITED","2024","at",11783
"348897","ENDEAVOUR GROUP LIMITED","2024","sale",12309
"348897","ENDEAVOUR GROUP LIMITED","2024","ebit",1055
"295910","AURIZON HOLDINGS LTD","2024","at",11596
"295910","AURIZON HOLDINGS LTD","2024","sale",3841
"295910","AURIZON HOLDINGS LTD","2024","ebit",922
"254665","WORLEY LTD","2024","at",10464
"254665","WORLEY LTD","2024","sale",11789
"254665","WORLEY LTD","2024","ebit",653
"104566","SOUL PATTINSON WASH H & CO","2024","at",10397.7
"104566","SOUL PATTINSON WASH H & CO","2024","sale",1034.5
"104566","SOUL PATTINSON WASH H & CO","2024","ebit",376.8
"212628","ARISTOCRAT LEISURE LTD","2024","at",10303.4
"212628","ARISTOCRAT LEISURE LTD","2024","sale",6603.6
"212628","ARISTOCRAT LEISURE LTD","2024","ebit",1930.8
"100442","ORICA LTD","2024","at",9598.3
"100442","ORICA LTD","2024","sale",7662.8
"100442","ORICA LTD","2024","ebit",708.7
"253350","EVOLUTION MINING LTD","2024","at",8818.841
"253350","EVOLUTION MINING LTD","2024","sale",3215.832
"253350","EVOLUTION MINING LTD","2024","ebit",824.861
"100461","BRAMBLES LTD","2024","at",8731.1
"100461","BRAMBLES LTD","2024","sale",6545.4
"100461","BRAMBLES LTD","2024","ebit",1200.6
"257860","INCITEC PIVOT LTD","2024","at",8398.4
"257860","INCITEC PIVOT LTD","2024","sale",5278.5
"257860","INCITEC PIVOT LTD","2024","ebit",410.6
"297352","TREASURY WINE ESTATES LTD","2024","at",8112.8
"297352","TREASURY WINE ESTATES LTD","2024","sale",2808.3
"297352","TREASURY WINE ESTATES LTD","2024","ebit",287.9
"203007","HARVEY NORMAN HLDGS LTD","2024","at",7927.867
"203007","HARVEY NORMAN HLDGS LTD","2024","sale",2803.358
"203007","HARVEY NORMAN HLDGS LTD","2024","ebit",660.727
"101605","REECE LTD","2024","at",7094.869
"101605","REECE LTD","2024","sale",9104.772
"101605","REECE LTD","2024","ebit",674.403
"241380","DOWNER EDI LTD","2024","at",6748.2
"241380","DOWNER EDI LTD","2024","sale",10979.5
"241380","DOWNER EDI LTD","2024","ebit",283.3
"272847","CLEANAWAY WASTE MGMT LTD","2024","at",6372.5
"272847","CLEANAWAY WASTE MGMT LTD","2024","sale",3758.2
"272847","CLEANAWAY WASTE MGMT LTD","2024","ebit",329.2
"282382","QUBE HOLDINGS LTD","2024","at",6103.4
"282382","QUBE HOLDINGS LTD","2024","sale",3331.4
"282382","QUBE HOLDINGS LTD","2024","ebit",310.6
"316825","ORORA LTD","2024","at",5992.7
"316825","ORORA LTD","2024","sale",4697.6
"316825","ORORA LTD","2024","ebit",404
"209933","BRICKWORKS LTD","2024","at",5842.575
"209933","BRICKWORKS LTD","2024","sale",1089.414
"209933","BRICKWORKS LTD","2024","ebit",20.444
"315882","STEADFAST GROUP LTD","2024","at",5705.8
"315882","STEADFAST GROUP LTD","2024","sale",1715.3
"315882","STEADFAST GROUP LTD","2024","ebit",468
"101392","BEACH ENERGY LTD","2024","at",5499.2
"101392","BEACH ENERGY LTD","2024","sale",1797.6
"101392","BEACH ENERGY LTD","2024","ebit",-594
"296254","NEXTDC LTD","2024","at",5216.697
"296254","NEXTDC LTD","2024","sale",404.337
"296254","NEXTDC LTD","2024","ebit",28.504
"208079","SIMS LTD","2024","at",4904.7
"208079","SIMS LTD","2024","sale",7224
"208079","SIMS LTD","2024","ebit",-89.2
"284805","ASCIANO LTD","2024","at",4770.9
"284805","ASCIANO LTD","2024","sale",2261.5
"284805","ASCIANO LTD","2024","ebit",170
"272775","SEEK LTD","2024","at",4754.7
"272775","SEEK LTD","2024","sale",1084.1
"272775","SEEK LTD","2024","ebit",299.2
"292734","CAR GROUP LTD","2024","at",4668.536
"292734","CAR GROUP LTD","2024","sale",1098.724
"292734","CAR GROUP LTD","2024","ebit",413.082
"326703","L1 LONG SHORT FUND","2024","at",4477.73
"326703","L1 LONG SHORT FUND","2024","sale",117.288
"326703","L1 LONG SHORT FUND","2024","ebit",NA
"101613","NUFARM LTD","2024","at",4427.414
"101613","NUFARM LTD","2024","sale",3345.909
"101613","NUFARM LTD","2024","ebit",60.065
"353070","LOTTERY CORPORATION LTD","2024","at",4364.2
"353070","LOTTERY CORPORATION LTD","2024","sale",3996.6
"353070","LOTTERY CORPORATION LTD","2024","ebit",716.2
"286945","PILBARA MINERALS LTD","2024","at",4309.245
"286945","PILBARA MINERALS LTD","2024","sale",1254.118
"286945","PILBARA MINERALS LTD","2024","ebit",396.252
"207300","FLIGHT CENTRE TRAVEL GROUP","2024","at",4214.281
"207300","FLIGHT CENTRE TRAVEL GROUP","2024","sale",2710.748
"207300","FLIGHT CENTRE TRAVEL GROUP","2024","ebit",257.351
"274487","AUB GROUP LTD","2024","at",4049.25
"274487","AUB GROUP LTD","2024","sale",1014.134
"274487","AUB GROUP LTD","2024","ebit",223.936
"314884","NINE ENTERTAINMENT CO HLDGS","2024","at",4004.083
"314884","NINE ENTERTAINMENT CO HLDGS","2024","sale",2629.81
"314884","NINE ENTERTAINMENT CO HLDGS","2024","ebit",336.932
"253358","WESTERN AREAS LTD","2024","at",3566.8
"253358","WESTERN AREAS LTD","2024","sale",844.1
"253358","WESTERN AREAS LTD","2024","ebit",-394.3
"253596","IGO LTD","2024","at",3566.8
"253596","IGO LTD","2024","sale",841.3
"253596","IGO LTD","2024","ebit",-592.6
"258858","JB HI-FI","2024","at",3486.6
"258858","JB HI-FI","2024","sale",9592.4
"258858","JB HI-FI","2024","ebit",645.4
"267188","CUSCAL LIMITED","2024","at",3477.1
"267188","CUSCAL LIMITED","2024","sale",463.6
"267188","CUSCAL LIMITED","2024","ebit",153.2
"258444","NEW HOPE CORP LTD","2024","at",3468.571
"258444","NEW HOPE CORP LTD","2024","sale",1802.206
"258444","NEW HOPE CORP LTD","2024","ebit",706.153
"222202","TABCORP HOLDINGS LTD","2024","at",3385.3
"222202","TABCORP HOLDINGS LTD","2024","sale",2338.9
"222202","TABCORP HOLDINGS LTD","2024","ebit",-48.3
"210805","PERENTI LTD","2024","at",3355.798
"210805","PERENTI LTD","2024","sale",3342.02
"210805","PERENTI LTD","2024","ebit",240.63
"317261","SG FLEET GROUP LTD","2024","at",3342.233
"317261","SG FLEET GROUP LTD","2024","sale",1127.212
"317261","SG FLEET GROUP LTD","2024","ebit",221.324
"270502","SUPER RETAIL GROUP LTD","2024","at",3263.3
"270502","SUPER RETAIL GROUP LTD","2024","sale",3882.6
"270502","SUPER RETAIL GROUP LTD","2024","ebit",389.2
"014242","ANSELL LTD","2024","at",3242.6
"014242","ANSELL LTD","2024","sale",1619.3
"014242","ANSELL LTD","2024","ebit",195.5
"260564","SANDFIRE RESOURCES LTD","2024","at",2996.798
"260564","SANDFIRE RESOURCES LTD","2024","sale",935.188
"260564","SANDFIRE RESOURCES LTD","2024","ebit",49.457
"241405","HEALIUS LTD","2024","at",2982.8
"241405","HEALIUS LTD","2024","sale",1746.2
"241405","HEALIUS LTD","2024","ebit",65.5
"241386","GRAINCORP LTD","2024","at",2904.9
"241386","GRAINCORP LTD","2024","sale",6506.8
"241386","GRAINCORP LTD","2024","ebit",21.7
"321501","WISETECH GLOBAL LTD","2024","at",2827.1
"321501","WISETECH GLOBAL LTD","2024","sale",1041.7
"321501","WISETECH GLOBAL LTD","2024","ebit",388.4
"212658","LYNAS RARE EARTHS LIMITED","2024","at",2804.921
"212658","LYNAS RARE EARTHS LIMITED","2024","sale",463.285
"212658","LYNAS RARE EARTHS LIMITED","2024","ebit",61.787
"351224","APM HUMAN SERVICES INTL LTD","2024","at",2790.929
"351224","APM HUMAN SERVICES INTL LTD","2024","sale",2294.403
"351224","APM HUMAN SERVICES INTL LTD","2024","ebit",132.482
"212635","COCHLEAR LTD","2024","at",2745.1
"212635","COCHLEAR LTD","2024","sale",2235.6
"212635","COCHLEAR LTD","2024","ebit",509.6
"248015","REA GROUP LTD","2024","at",2655
"248015","REA GROUP LTD","2024","sale",1677
"248015","REA GROUP LTD","2024","ebit",711.1
"200157","EVT LIMITED","2024","at",2610.991
"200157","EVT LIMITED","2024","sale",1191.38
"200157","EVT LIMITED","2024","ebit",92.34
"273011","DOMINOS PIZZA ENTERPRISES LT","2024","at",2592.789
"273011","DOMINOS PIZZA ENTERPRISES LT","2024","sale",2376.699
"273011","DOMINOS PIZZA ENTERPRISES LT","2024","ebit",187.784
"220243","PREMIER INVESTMENTS LTD","2024","at",2523.533
"220243","PREMIER INVESTMENTS LTD","2024","sale",1617.336
"220243","PREMIER INVESTMENTS LTD","2024","ebit",344.652
"275186","EML PAYMENTS LTD","2024","at",2483.889
"275186","EML PAYMENTS LTD","2024","sale",217.342
"275186","EML PAYMENTS LTD","2024","ebit",-2.534
"322802","INGHAMS GROUP LTD","2024","at",2400
"322802","INGHAMS GROUP LTD","2024","sale",3262
"322802","INGHAMS GROUP LTD","2024","ebit",225.9
"316292","KELSIAN GROUP LIMITED","2024","at",2399.53
"316292","KELSIAN GROUP LIMITED","2024","sale",2016.811
"316292","KELSIAN GROUP LIMITED","2024","ebit",119.275
"270244","MYER HOLDINGS LIMITED","2024","at",2375.5
"270244","MYER HOLDINGS LIMITED","2024","sale",2438.1
"270244","MYER HOLDINGS LIMITED","2024","ebit",162.7
"293130","MYER HOLDINGS-OLD","2024","at",2375.5
"293130","MYER HOLDINGS-OLD","2024","sale",2438.1
"293130","MYER HOLDINGS-OLD","2024","ebit",161
"202362","ELDERS LTD","2024","at",2326.464
"202362","ELDERS LTD","2024","sale",3131.29
"202362","ELDERS LTD","2024","ebit",113.578
"254186","VAULT MINERALS LIMITED","2024","at",2167.553
"254186","VAULT MINERALS LIMITED","2024","sale",620.002
"254186","VAULT MINERALS LIMITED","2024","ebit",54.132
"321584","RELIANCE WORLDWIDE CORP LTD","2024","at",2144.499
"321584","RELIANCE WORLDWIDE CORP LTD","2024","sale",1245.754
"321584","RELIANCE WORLDWIDE CORP LTD","2024","ebit",203.792
"298675","BEGA CHEESE LTD","2024","at",2138.8
"298675","BEGA CHEESE LTD","2024","sale",3521.6
"298675","BEGA CHEESE LTD","2024","ebit",52
"211367","REGIS RESOURCES LTD","2024","at",2129.895
"211367","REGIS RESOURCES LTD","2024","sale",1262.814
"211367","REGIS RESOURCES LTD","2024","ebit",-132.958
"232041","AUSTAL LTD","2024","at",2093.227
"232041","AUSTAL LTD","2024","sale",1468.907
"232041","AUSTAL LTD","2024","ebit",-23.195
"271326","PERSEUS MINING LTD","2024","at",1985.786
"271326","PERSEUS MINING LTD","2024","sale",1025.799
"271326","PERSEUS MINING LTD","2024","ebit",462.231
"316907","PACT GROUP HLDGS LTD","2024","at",1952.176
"316907","PACT GROUP HLDGS LTD","2024","sale",1803.687
"316907","PACT GROUP HLDGS LTD","2024","ebit",119.551
"317476","BAPCOR LTD","2024","at",1904.805
"317476","BAPCOR LTD","2024","sale",2036.938
"317476","BAPCOR LTD","2024","ebit",138.572
"297921","THE STAR ENTERTAINMENT GROUP","2024","at",1897.8
"297921","THE STAR ENTERTAINMENT GROUP","2024","sale",1677.8
"297921","THE STAR ENTERTAINMENT GROUP","2024","ebit",-584.1
"318480","REGIS HEALTHCARE LTD","2024","at",1812.508
"318480","REGIS HEALTHCARE LTD","2024","sale",1014.051
"318480","REGIS HEALTHCARE LTD","2024","ebit",-40.887
"101568","AMOTIV LIMITED","2024","at",1790.923
"101568","AMOTIV LIMITED","2024","sale",987.174
"101568","AMOTIV LIMITED","2024","ebit",172.371
"322858","AUTOSPORTS GROUP LTD","2024","at",1728.385
"322858","AUTOSPORTS GROUP LTD","2024","sale",2646.763
"322858","AUTOSPORTS GROUP LTD","2024","ebit",145.726
"296280","CORPORATE TRAVEL MGMT LTD","2024","at",1643.103
"296280","CORPORATE TRAVEL MGMT LTD","2024","sale",710.42
"296280","CORPORATE TRAVEL MGMT LTD","2024","ebit",115.356
"286001","NRW HOLDINGS LTD","2024","at",1612.258
"286001","NRW HOLDINGS LTD","2024","sale",2913.007
"286001","NRW HOLDINGS LTD","2024","ebit",136.823
"256406","RAMELIUS RESOURCES LTD","2024","at",1593.948
"256406","RAMELIUS RESOURCES LTD","2024","sale",882.572
"256406","RAMELIUS RESOURCES LTD","2024","ebit",265.971
"345403","MAAS GROUP HOLDINGS LIMITED","2024","at",1589.415
"345403","MAAS GROUP HOLDINGS LIMITED","2024","sale",908.522
"345403","MAAS GROUP HOLDINGS LIMITED","2024","ebit",113.477
"325957","DOMAIN HOLDINGS AUSTRALIA LT","2024","at",1483.82
"325957","DOMAIN HOLDINGS AUSTRALIA LT","2024","sale",390.911
"325957","DOMAIN HOLDINGS AUSTRALIA LT","2024","ebit",92.539
"105117","SEVEN WEST MEDIA LTD","2024","at",1477.901
"105117","SEVEN WEST MEDIA LTD","2024","sale",1413.701
"105117","SEVEN WEST MEDIA LTD","2024","ebit",114.875
"347444","PETER WARREN AUTOMOTIVE HOLD","2024","at",1452.164
"347444","PETER WARREN AUTOMOTIVE HOLD","2024","sale",2473.542
"347444","PETER WARREN AUTOMOTIVE HOLD","2024","ebit",96.275
"101597","MACMAHON HOLDINGS LTD","2024","at",1451.35
"101597","MACMAHON HOLDINGS LTD","2024","sale",2031.261
"101597","MACMAHON HOLDINGS LTD","2024","ebit",99.461
"282142","LIONTOWN RESOURCES LTD","2024","at",1384.924
"282142","LIONTOWN RESOURCES LTD","2024","sale",0
"282142","LIONTOWN RESOURCES LTD","2024","ebit",-60.706
"242650","BREVILLE GROUP LTD","2024","at",1341.071
"242650","BREVILLE GROUP LTD","2024","sale",1529.993
"242650","BREVILLE GROUP LTD","2024","ebit",183.398
"253326","DE GREY MINING LTD","2024","at",1314.61
"253326","DE GREY MINING LTD","2024","sale",0.024
"253326","DE GREY MINING LTD","2024","ebit",-28.312
"318667","IPH LTD","2024","at",1313.4
"318667","IPH LTD","2024","sale",605.6
"318667","IPH LTD","2024","ebit",127.3
"271411","MCMILLAN SHAKESPEARE LTD","2024","at",1303.05
"271411","MCMILLAN SHAKESPEARE LTD","2024","sale",521.018
"271411","MCMILLAN SHAKESPEARE LTD","2024","ebit",155.915
"320762","IDP EDUCATION LTD","2024","at",1256.326
"320762","IDP EDUCATION LTD","2024","sale",1037.246
"320762","IDP EDUCATION LTD","2024","ebit",215.894
"340137","AUSSIE BROADBAND LTD","2024","at",1237.757
"340137","AUSSIE BROADBAND LTD","2024","sale",999.749
"340137","AUSSIE BROADBAND LTD","2024","ebit",59.647
"253322","AMPLITUDE ENERGY LIMITED","2024","at",1223.186
"253322","AMPLITUDE ENERGY LIMITED","2024","sale",219.047
"253322","AMPLITUDE ENERGY LIMITED","2024","ebit",-111.761
"290328","GENESIS MINERALS LTD","2024","at",1209.028
"290328","GENESIS MINERALS LTD","2024","sale",438.593
"290328","GENESIS MINERALS LTD","2024","ebit",36.91
"320982","PSC INSURANCE GROUP LTD","2024","at",1187.66
"320982","PSC INSURANCE GROUP LTD","2024","sale",329.004
"320982","PSC INSURANCE GROUP LTD","2024","ebit",80.944
"278546","EMECO HOLDINGS LTD","2024","at",1174.758
"278546","EMECO HOLDINGS LTD","2024","sale",822.728
"278546","EMECO HOLDINGS LTD","2024","ebit",115.678
"271338","ACCENT GROUP LTD","2024","at",1147.947
"271338","ACCENT GROUP LTD","2024","sale",1454.352
"271338","ACCENT GROUP LTD","2024","ebit",124.528
"285235","MAYNE PHARMA GROUP LTD","2024","at",1143.177
"285235","MAYNE PHARMA GROUP LTD","2024","sale",388.399
"285235","MAYNE PHARMA GROUP LTD","2024","ebit",-44.537
"212653","WESTGOLD RESOURCES LTD","2024","at",1052.5
"212653","WESTGOLD RESOURCES LTD","2024","sale",716.473
"212653","WESTGOLD RESOURCES LTD","2024","ebit",126.956
"271534","SERVICE STREAM LTD","2024","at",1048.559
"271534","SERVICE STREAM LTD","2024","sale",2288.793
"271534","SERVICE STREAM LTD","2024","ebit",52.16
"282001","BCI MINERALS LTD","2024","at",1021.439
"282001","BCI MINERALS LTD","2024","sale",0
"282001","BCI MINERALS LTD","2024","ebit",-57.814
"211572","SELECT HARVESTS LTD","2024","at",1010.068
"211572","SELECT HARVESTS LTD","2024","sale",337.285
"211572","SELECT HARVESTS LTD","2024","ebit",15.172
"311355","ALLIANCE AVIATION SERVICES","2024","at",998.795
"311355","ALLIANCE AVIATION SERVICES","2024","sale",637.19
"311355","ALLIANCE AVIATION SERVICES","2024","ebit",104.524
"270457","SAYONA MINING LTD","2024","at",952.513
"270457","SAYONA MINING LTD","2024","sale",200.873
"270457","SAYONA MINING LTD","2024","ebit",-114.642
"274905","BELLEVUE GOLD LTD","2024","at",934.747
"274905","BELLEVUE GOLD LTD","2024","sale",298.406
"274905","BELLEVUE GOLD LTD","2024","ebit",79.351
"312231","CIVMEC LIMITED","2024","at",910.317
"312231","CIVMEC LIMITED","2024","sale",1033.473
"312231","CIVMEC LIMITED","2024","ebit",91.678
"242795","MONADELPHOUS GROUP LTD","2024","at",887.363
"242795","MONADELPHOUS GROUP LTD","2024","sale",2015.915
"242795","MONADELPHOUS GROUP LTD","2024","ebit",83.687
"242679","DATA3 LTD","2024","at",866.147
"242679","DATA3 LTD","2024","sale",805.746
"242679","DATA3 LTD","2024","ebit",53.25
"212381","AV JENNINGS LTD","2024","at",863.194
"212381","AV JENNINGS LTD","2024","sale",319.746
"212381","AV JENNINGS LTD","2024","ebit",12.667
"278786","AMA GROUP LTD","2024","at",844.38
"278786","AMA GROUP LTD","2024","sale",894.761
"278786","AMA GROUP LTD","2024","ebit",30.15
"248144","WISR LTD","2024","at",838.472
"248144","WISR LTD","2024","sale",39.933
"248144","WISR LTD","2024","ebit",-8.192
"202023","ENERGY WORLD CORP LTD","2024","at",838.26
"202023","ENERGY WORLD CORP LTD","2024","sale",24.771
"202023","ENERGY WORLD CORP LTD","2024","ebit",1.396
"315120","MALABAR COAL LTD","2024","at",792.507
"315120","MALABAR COAL LTD","2024","sale",17.051
"315120","MALABAR COAL LTD","2024","ebit",-2.971
"211528","ARB CORP","2024","at",792.269
"211528","ARB CORP","2024","sale",693.154
"211528","ARB CORP","2024","ebit",144.485
"253587","IMDEX LTD","2024","at",786.144
"253587","IMDEX LTD","2024","sale",445.284
"253587","IMDEX LTD","2024","ebit",70.422
"325598","JOHNS LYNG GROUP","2024","at",786.071
"325598","JOHNS LYNG GROUP","2024","sale",1158.876
"325598","JOHNS LYNG GROUP","2024","ebit",98.815
"259267","CODAN LTD","2024","at",768.711
"259267","CODAN LTD","2024","sale",550.459
"259267","CODAN LTD","2024","ebit",114.441
"241419","TECHNOLOGY ONE LTD","2024","at",757.44
"241419","TECHNOLOGY ONE LTD","2024","sale",506.536
"241419","TECHNOLOGY ONE LTD","2024","ebit",146.628
"320604","INTEGRAL DIAGNOSTICS LTD","2024","at",744.276
"320604","INTEGRAL DIAGNOSTICS LTD","2024","sale",469.697
"320604","INTEGRAL DIAGNOSTICS LTD","2024","ebit",42.168
"246015","EMERALD RESOURCES NL","2024","at",712.422
"246015","EMERALD RESOURCES NL","2024","sale",371.073
"246015","EMERALD RESOURCES NL","2024","ebit",158.85
"270845","NICK SCALI LTD","2024","at",704.882
"270845","NICK SCALI LTD","2024","sale",468.189
"270845","NICK SCALI LTD","2024","ebit",127.562
"357325","REDOX LIMITED","2024","at",702.382
"357325","REDOX LIMITED","2024","sale",1137.328
"357325","REDOX LIMITED","2024","ebit",126.003
"274512","SOUTHERN CROSS MEDIA GROUP","2024","at",692.317
"274512","SOUTHERN CROSS MEDIA GROUP","2024","sale",499.405
"274512","SOUTHERN CROSS MEDIA GROUP","2024","ebit",21.542
"349886","COBRAM ESTATE OLIVES LTD","2024","at",690.072
"349886","COBRAM ESTATE OLIVES LTD","2024","sale",227.777
"349886","COBRAM ESTATE OLIVES LTD","2024","ebit",42.57
"232122","MACQUARIE TECHNOLOGY GROUP","2024","at",689.886
"232122","MACQUARIE TECHNOLOGY GROUP","2024","sale",363.294
"232122","MACQUARIE TECHNOLOGY GROUP","2024","ebit",51.054
"241412","SERVCORP LTD","2024","at",674.353
"241412","SERVCORP LTD","2024","sale",314.106
"241412","SERVCORP LTD","2024","ebit",56.291
"271607","MESOBLAST LTD","2024","at",669.153
"271607","MESOBLAST LTD","2024","sale",5.902
"271607","MESOBLAST LTD","2024","ebit",-57.972
"321002","IVE GROUP LTD","2024","at",664.829
"321002","IVE GROUP LTD","2024","sale",972.821
"321002","IVE GROUP LTD","2024","ebit",59.051
"207103","RIDLEY CORP LTD","2024","at",664.381
"207103","RIDLEY CORP LTD","2024","sale",1262.897
"207103","RIDLEY CORP LTD","2024","ebit",63.884
"247496","MOUNT GIBSON IRON LTD","2024","at",664.298
"247496","MOUNT GIBSON IRON LTD","2024","sale",667.678
"247496","MOUNT GIBSON IRON LTD","2024","ebit",33.812
"362021","GUZMAN Y GOMEZ LTD","2024","at",661.797
"362021","GUZMAN Y GOMEZ LTD","2024","sale",342.214
"362021","GUZMAN Y GOMEZ LTD","2024","ebit",-3.849
"101742","GWA GROUP LTD","2024","at",659.885
"101742","GWA GROUP LTD","2024","sale",413.492
"101742","GWA GROUP LTD","2024","ebit",66.027
"208239","K&S CORP LTD","2024","at",652.375
"208239","K&S CORP LTD","2024","sale",824.577
"208239","K&S CORP LTD","2024","ebit",36.201
"247872","SRG GLOBAL LTD","2024","at",640.484
"247872","SRG GLOBAL LTD","2024","sale",1069.259
"247872","SRG GLOBAL LTD","2024","ebit",57.262
"102202","DEEP YELLOW LTD","2024","at",625.079
"102202","DEEP YELLOW LTD","2024","sale",0.016
"102202","DEEP YELLOW LTD","2024","ebit",-14.363
"326013","PROPEL FUNERAL PAR","2024","at",624.58
"326013","PROPEL FUNERAL PAR","2024","sale",209.238
"326013","PROPEL FUNERAL PAR","2024","ebit",40.562
"289353","CAPRICORN METALS LTD","2024","at",623.559
"289353","CAPRICORN METALS LTD","2024","sale",359.834
"289353","CAPRICORN METALS LTD","2024","ebit",126.671
"247885","PALADIN ENERGY LTD","2024","at",621.782
"247885","PALADIN ENERGY LTD","2024","sale",0
"247885","PALADIN ENERGY LTD","2024","ebit",-23.782
"249497","HELLOWORLD TRAVEL LTD","2024","at",614.048
"249497","HELLOWORLD TRAVEL LTD","2024","sale",216.86
"249497","HELLOWORLD TRAVEL LTD","2024","ebit",25.804
"319886","ADAIRS LTD","2024","at",610.496
"319886","ADAIRS LTD","2024","sale",594.356
"319886","ADAIRS LTD","2024","ebit",59.907
"203209","DGL GROUP LIMITED","2024","at",605.889
"203209","DGL GROUP LIMITED","2024","sale",466.135
"203209","DGL GROUP LIMITED","2024","ebit",31.426
"272236","JUPITER MINES LTD","2024","at",593.379
"272236","JUPITER MINES LTD","2024","sale",8.07
"272236","JUPITER MINES LTD","2024","ebit",1.181
"347733","AUSTRALIAN CLINICAL LABS LTD","2024","at",593.06
"347733","AUSTRALIAN CLINICAL LABS LTD","2024","sale",696.368
"347733","AUSTRALIAN CLINICAL LABS LTD","2024","ebit",62.552
"315360","SHINE JUSTICE LTD","2024","at",592.576
"315360","SHINE JUSTICE LTD","2024","sale",195.734
"315360","SHINE JUSTICE LTD","2024","ebit",18.467
"237812","AFT CORP LTD","2024","at",584.601
"237812","AFT CORP LTD","2024","sale",30.421
"237812","AFT CORP LTD","2024","ebit",28.757
"101513","ST BARBARA LTD","2024","at",568.633
"101513","ST BARBARA LTD","2024","sale",223.603
"101513","ST BARBARA LTD","2024","ebit",-79.957
"242369","HANSEN TECHNOLOGIES LTD","2024","at",566.832
"242369","HANSEN TECHNOLOGIES LTD","2024","sale",353.106
"242369","HANSEN TECHNOLOGIES LTD","2024","ebit",42.386
"296578","AERIS RESOURCES LTD","2024","at",562.744
"296578","AERIS RESOURCES LTD","2024","sale",540.02
"296578","AERIS RESOURCES LTD","2024","ebit",-1.126
"260563","PANTORO LTD","2024","at",560.882
"260563","PANTORO LTD","2024","sale",229.432
"260563","PANTORO LTD","2024","ebit",-60.943
"349397","SILK LOGISTICS HOLDINGS LTD","2024","at",553.87
"349397","SILK LOGISTICS HOLDINGS LTD","2024","sale",556.4
"349397","SILK LOGISTICS HOLDINGS LTD","2024","ebit",29.309
"319821","SUPERLOOP LTD","2024","at",552.275
"319821","SUPERLOOP LTD","2024","sale",416.625
"319821","SUPERLOOP LTD","2024","ebit",-25.598
"249501","LINDSAY AUSTRALIA LTD","2024","at",550.051
"249501","LINDSAY AUSTRALIA LTD","2024","sale",804.367
"249501","LINDSAY AUSTRALIA LTD","2024","ebit",48.293
"205148","MICHAEL HILL INTL LTD","2024","at",545.244
"205148","MICHAEL HILL INTL LTD","2024","sale",644.929
"205148","MICHAEL HILL INTL LTD","2024","ebit",13.513
"332470","VIVA LEISURE LTD","2024","at",542.485
"332470","VIVA LEISURE LTD","2024","sale",162.627
"332470","VIVA LEISURE LTD","2024","ebit",25.227
"285491","BOSS ENERGY LIMITED","2024","at",539.015
"285491","BOSS ENERGY LIMITED","2024","sale",0
"285491","BOSS ENERGY LIMITED","2024","ebit",-14.37
"318878","LOVISA HOLDINGS LTD","2024","at",532.799
"318878","LOVISA HOLDINGS LTD","2024","sale",698.664
"318878","LOVISA HOLDINGS LTD","2024","ebit",130.62
"271330","STRIKE ENERGY LTD","2024","at",527.188
"271330","STRIKE ENERGY LTD","2024","sale",45.596
"271330","STRIKE ENERGY LTD","2024","ebit",2.633
"317886","MONASH IVF GROUP LTD","2024","at",508.47
"317886","MONASH IVF GROUP LTD","2024","sale",254.96
"317886","MONASH IVF GROUP LTD","2024","ebit",-4.847
"270418","REJECT SHOP LTD","2024","at",490.735
"270418","REJECT SHOP LTD","2024","sale",852.736
"270418","REJECT SHOP LTD","2024","ebit",13.778
"290324","HASTINGS TECH METALS LTD","2024","at",480.003
"290324","HASTINGS TECH METALS LTD","2024","sale",0
"290324","HASTINGS TECH METALS LTD","2024","ebit",-3.955
"338843","TUAS LIMITED","2024","at",476.594
"338843","TUAS LIMITED","2024","sale",117.065
"338843","TUAS LIMITED","2024","ebit",-3.5
"284527","AURELIA METALS LTD","2024","at",472.517
"284527","AURELIA METALS LTD","2024","sale",309.891
"284527","AURELIA METALS LTD","2024","ebit",6.261
"284635","DEVELOP GLOBAL LIMITED","2024","at",471.231
"284635","DEVELOP GLOBAL LIMITED","2024","sale",147.23
"284635","DEVELOP GLOBAL LIMITED","2024","ebit",-9.473
"212413","ALKANE RESOURCES LTD","2024","at",464.696
"212413","ALKANE RESOURCES LTD","2024","sale",172.991
"212413","ALKANE RESOURCES LTD","2024","ebit",23.643
"236262","RIDDOCK INTERNATIONAL LTD","2024","at",463.794
"236262","RIDDOCK INTERNATIONAL LTD","2024","sale",0
"236262","RIDDOCK INTERNATIONAL LTD","2024","ebit",-0.237
"335514","TYRO PAYMENTS LTD","2024","at",451.458
"335514","TYRO PAYMENTS LTD","2024","sale",497.715
"335514","TYRO PAYMENTS LTD","2024","ebit",48.398
"211585","SCHAFFER CORP","2024","at",418.067
"211585","SCHAFFER CORP","2024","sale",226.227
"211585","SCHAFFER CORP","2024","ebit",37.374
"211545","AUSTRALIAN VINTAGE LTD","2024","at",415.433
"211545","AUSTRALIAN VINTAGE LTD","2024","sale",260.594
"211545","AUSTRALIAN VINTAGE LTD","2024","ebit",-28.957
"326138","WAGNERS HOLDING CO","2024","at",413.111
"326138","WAGNERS HOLDING CO","2024","sale",481.644
"326138","WAGNERS HOLDING CO","2024","ebit",34.687
"326181","NTAW HOLDINGS LIMITED","2024","at",413.097
"326181","NTAW HOLDINGS LIMITED","2024","sale",533.431
"326181","NTAW HOLDINGS LIMITED","2024","ebit",13.59
"345686","NUIX LIMITED","2024","at",397.078
"345686","NUIX LIMITED","2024","sale",220.617
"345686","NUIX LIMITED","2024","ebit",14.303
"321581","MOTORCYCLE HOLDINGS LTD","2024","at",394.98
"321581","MOTORCYCLE HOLDINGS LTD","2024","sale",582.318
"321581","MOTORCYCLE HOLDINGS LTD","2024","ebit",27.635
"325823","PEOPLEIN LIMITED","2024","at",391.281
"325823","PEOPLEIN LIMITED","2024","sale",1181.112
"325823","PEOPLEIN LIMITED","2024","ebit",12.528
"202929","KINGSGATE CONSOLIDATED LTD","2024","at",388.94
"202929","KINGSGATE CONSOLIDATED LTD","2024","sale",133.091
"202929","KINGSGATE CONSOLIDATED LTD","2024","ebit",NA
"322452","SUGAR TERMINALS LTD","2024","at",381.157
"322452","SUGAR TERMINALS LTD","2024","sale",115.375
"322452","SUGAR TERMINALS LTD","2024","ebit",47.089
"278186","RETAIL FOOD GROUP LTD","2024","at",368.735
"278186","RETAIL FOOD GROUP LTD","2024","sale",125.179
"278186","RETAIL FOOD GROUP LTD","2024","ebit",4.913
"317454","BEACON LIGHTING GROUP LTD","2024","at",367.074
"317454","BEACON LIGHTING GROUP LTD","2024","sale",324.331
"317454","BEACON LIGHTING GROUP LTD","2024","ebit",51.244
"287431","SOUTHERN CROSS ELEC ENGR","2024","at",364.756
"287431","SOUTHERN CROSS ELEC ENGR","2024","sale",551.87
"287431","SOUTHERN CROSS ELEC ENGR","2024","ebit",32.63
"364417","SYMAL GROUP LIMITED","2024","at",362.372
"364417","SYMAL GROUP LIMITED","2024","sale",743.074
"364417","SYMAL GROUP LIMITED","2024","ebit",55.281
"347108","LYNCH GROUP HOLDINGS LTD","2024","at",356.034
"347108","LYNCH GROUP HOLDINGS LTD","2024","sale",397.715
"347108","LYNCH GROUP HOLDINGS LTD","2024","ebit",14.939
"339747","RESOURCE DEVELOPMENT GROUP","2024","at",352.898
"339747","RESOURCE DEVELOPMENT GROUP","2024","sale",136.181
"339747","RESOURCE DEVELOPMENT GROUP","2024","ebit",25.715
"201317","COVENTRY GROUP LTD","2024","at",349.38
"201317","COVENTRY GROUP LTD","2024","sale",370.805
"201317","COVENTRY GROUP LTD","2024","ebit",12.609
"289969","BASE RESOURCES LTD","2024","at",349.13
"289969","BASE RESOURCES LTD","2024","sale",135.11
"289969","BASE RESOURCES LTD","2024","ebit",22.025
"247879","STRANDLINE RESOURCES LTD","2024","at",346.371
"247879","STRANDLINE RESOURCES LTD","2024","sale",86.088
"247879","STRANDLINE RESOURCES LTD","2024","ebit",-192.55
"278526","CATALYST METALS LTD","2024","at",340.481
"278526","CATALYST METALS LTD","2024","sale",317.014
"278526","CATALYST METALS LTD","2024","ebit",33.965
"333913","MADER GROUP LTD","2024","at",337.945
"333913","MADER GROUP LTD","2024","sale",774.472
"333913","MADER GROUP LTD","2024","ebit",72.014
"320481","BABY BUNTING GROUP LTD","2024","at",332.205
"320481","BABY BUNTING GROUP LTD","2024","sale",490.991
"320481","BABY BUNTING GROUP LTD","2024","ebit",16.738
